{
  "ALICE": {
    "amount": 0,
    "buy_price": 38,
    "desired_price_fall": 5,
    "desired_sell_price": 44.4,
    "last_prices": [
      12.71004841,
      12.71728863,
      12.71983559,
      12.73806222,
      12.74204871,
      9.13528949
    ]
  },
  "ARDR": {
    "amount": 0,
    "buy_price": 0.35657,
    "desired_price_fall": 5,
    "desired_sell_price": 0.385,
    "last_prices": [
      0.69192631,
      0.69205345,
      0.68947941,
      0.68280223,
      0.67819879,
      0.22159266
    ]
  },
  "BCH": {
    "amount": 0,
    "buy_price": 650,
    "desired_price_fall": 5,
    "desired_sell_price": 750,
    "last_prices": [
      628.07961283,
      628.60812333,
      629.01582194,
      629.29318231,
      629.12820048,
      660.64513681,
      335.05309459
    ]
  },
  "CHZ": {
    "amount": 345.6,
    "buy_price": 0.43935,
    "desired_price_fall": 5,
    "desired_sell_price": 0.525,
    "last_prices": [
      0.47399699,
      0.47404154,
      0.47423784,
      0.4743948,
      0.47480966,
      0.47488213,
      0.47454167,
      0.47440684,
      0.47416734,
      0.47402859,
      0.47364201,
      0.47320798,
      0.473166,
      0.47306656,
      0.47329848,
      0.47325571,
      0.47322269,
      0.47318959,
      0.47320587,
      0.47330456,
      0.47334745,
      0.47312584,
      0.47295299,
      0.47272819,
      0.47260858,
      0.47237592,
      0.47236715,
      0.47269164,
      0.47303713,
      0.47321989,
      0.47321752,
      0.47305879,
      0.47298299,
      0.47189559,
      0.47143374,
      0.47103156,
      0.47071662,
      0.46992494,
      0.4696435,
      0.4695788,
      0.46941569,
      0.46953848,
      0.46941545,
      0.46925208,
      0.46908322,
      0.46866076,
      0.46842141,
      0.46819481,
      0.46808106,
      0.46834739,
      0.46862408,
      0.46877851,
      0.46883275,
      0.46898339,
      0.46960723,
      0.47049429,
      0.47100322,
      0.47140227,
      0.47116174,
      0.47096054,
      0.22182606
    ]
  },
  "DOT": {
    "amount": 2.47,
    "buy_price": 40.65,
    "desired_price_fall": 5,
    "desired_sell_price": 44.44,
    "last_prices": [
      40.60759453,
      40.62486944,
      40.66087333,
      40.70293227,
      40.72148372,
      40.74692746,
      40.78215639,
      40.80679528,
      40.84112786,
      40.85074101,
      40.84543538,
      40.8321324,
      40.80070412,
      40.8132425,
      40.8424596,
      40.88214062,
      40.95977301,
      41.01259554,
      41.05039603,
      41.08479031,
      41.10728636,
      41.10719815,
      41.09407156,
      41.07555888,
      41.03898577,
      41.01090213,
      41.00284393,
      40.96449067,
      40.93678703,
      40.93800652,
      40.93664171,
      40.9316184,
      40.93327836,
      42.33760575,
      42.32814433,
      42.32327887,
      42.28516575,
      42.24177476,
      42.22444765,
      42.21106597,
      42.18999788,
      42.16848019,
      42.16191566,
      42.1373609,
      42.11165695,
      42.10106004,
      42.07728763,
      42.07073835,
      42.06635536,
      42.05983837,
      42.06763649,
      42.09329441,
      42.10433151,
      42.10416508,
      42.10535895,
      42.10116383,
      42.12940523,
      42.14840714,
      42.14704743,
      42.14707188,
      21.67164837
    ]
  },
  "EOS": {
    "amount": 33.98,
    "buy_price": 6.2202,
    "desired_price_fall": 5,
    "desired_sell_price": 6.66,
    "last_prices": [
      6.19024069,
      6.19151979,
      6.19584598,
      6.2004835,
      6.20997308,
      6.2132434,
      6.21895638,
      6.22274377,
      6.22509695,
      6.22413178,
      6.22155621,
      6.21689108,
      6.20973185,
      6.20718744,
      6.20641556,
      6.21103663,
      6.21566096,
      6.21604428,
      6.21560666,
      6.21404783,
      6.21129971,
      6.20917954,
      6.20049126,
      6.19492617,
      6.18992898,
      6.18824076,
      6.1883058,
      6.18548708,
      6.18684329,
      6.18947857,
      6.19180148,
      6.19336537,
      6.19681152,
      6.37600216,
      6.38238043,
      6.39174511,
      6.39508228,
      6.4042308,
      6.41233341,
      6.42429301,
      6.43021998,
      6.43075966,
      6.42990664,
      6.42643805,
      6.42771966,
      6.4235438,
      6.41616051,
      6.40657908,
      6.40269485,
      6.39911374,
      6.39979996,
      6.39971797,
      6.39831004,
      6.39414447,
      6.3933325,
      6.39749828,
      6.39978086,
      6.40653359,
      6.40735853,
      6.40220942,
      2.61544513
    ]
  },
  "LINK": {
    "amount": 3.16,
    "buy_price": 31.6424,
    "desired_price_fall": 5,
    "desired_sell_price": 34.45,
    "last_prices": [
      31.51282683,
      31.5224485,
      31.52983563,
      31.54114078,
      31.55026523,
      31.56489275,
      31.57938985,
      31.60062222,
      31.60269155,
      31.60821898,
      31.61374471,
      31.59018186,
      31.5805574,
      31.57169725,
      31.56919259,
      31.58333892,
      31.60281081,
      31.60221433,
      31.60556279,
      31.60587026,
      31.60864604,
      31.62651557,
      31.62076356,
      31.62105937,
      31.6205996,
      31.59811239,
      31.62959425,
      31.64048122,
      31.65598457,
      31.67118363,
      31.68532582,
      31.67997785,
      31.68350938,
      32.73603403,
      32.71808411,
      32.70273699,
      32.69037089,
      32.65555152,
      32.63557058,
      32.62077328,
      32.60613716,
      32.60008117,
      32.59975446,
      32.58797578,
      32.55634939,
      32.52355158,
      32.51699348,
      32.5001376,
      32.4933562,
      32.49272596,
      32.50221073,
      32.51416628,
      32.50396069,
      32.49574317,
      32.48808872,
      32.48819037,
      32.50838219,
      32.51811969,
      32.52172111,
      32.53073008,
      18.37943625
    ]
  },
  "LTC": {
    "amount": 0,
    "buy_price": 200,
    "desired_price_fall": 5,
    "desired_sell_price": 250,
    "last_prices": [
      219.89392475,
      219.96408683,
      220.07773126,
      220.27194868,
      220.41463508,
      220.71482046,
      220.91043112,
      220.99349824,
      221.06806428,
      221.05869042,
      220.93096444,
      220.83634253,
      220.76612093,
      220.7241666,
      220.78963412,
      220.86807305,
      220.87564486,
      220.84655221,
      220.84057134,
      220.86163973,
      220.88509074,
      220.81364965,
      220.56980768,
      220.4641237,
      220.24649026,
      220.12137339,
      219.99724436,
      219.9371435,
      220.05278457,
      220.12490445,
      220.15094832,
      220.19264215,
      220.36761952,
      233.54048246,
      233.35964016,
      233.23391109,
      233.13663933,
      233.11602344,
      233.10547839,
      233.01892178,
      232.69250166,
      232.44335262,
      232.33106257,
      232.11660744,
      231.95184585,
      231.65753056,
      231.5158513,
      231.5050244,
      231.47576463,
      231.46171649,
      231.48068523,
      231.49626282,
      231.48989635,
      231.40849146,
      231.3635276,
      231.638959,
      231.76794331,
      232.04061865,
      232.15560443,
      232.23692582,
      134.1935123
    ]
  },
  "MATIC": {
    "amount": 293.96,
    "buy_price": 0.35,
    "desired_price_fall": 5,
    "desired_sell_price": 0.385,